{
  "__version__": "1.0.0",
  "current-scene": "4753fa27-55ac-44df-94a5-a91c50b1cd4d",
  "gizmos-infos": {
    "is2D": false,
    "is3DIcon": false,
    "iconSize": 2,
    "gridVisible": true,
    "gridColor": [
      150,
      150,
      150,
      255
    ],
    "isIconGizmo3D": false,
    "iconGizmoSize": 2,
    "isGridVisible": true,
    "transformToolName": "position",
    "pivot": "pivot",
    "coordinate": "local"
  },
  "camera-infos": {
    "f46876e4-e81b-4931-b493-6d367be385e7": {
      "position": {
        "x": 50,
        "y": 50,
        "z": 50
      },
      "rotation": {
        "x": -0.18426739362997463,
        "y": 0.37134404900024337,
        "z": 0.07545393245869748,
        "w": 0.9068935047696831
      },
      "viewCenter": {
        "x": -5.921998105773255,
        "y": 16.20244561590787,
        "z": -6.8370956815373205
      }
    },
    "1cbee229-fdef-44ac-ae41-10f976bb1d77": {
      "position": {
        "x": 426.2220001220703,
        "y": 510.67799377441406,
        "z": 1753.84539
      },
      "rotation": {
        "x": 0,
        "y": 0,
        "z": 0,
        "w": 1
      },
      "viewCenter": {
        "x": 426.2220001220703,
        "y": 510.67799377441406,
        "z": 0
      }
    },
    "a18214d2-f37c-41d3-908b-0a859a46c913": {
      "position": {
        "x": -3.8294057276235534,
        "y": 2.6016964188203473,
        "z": 3.4967824210823397
      },
      "rotation": {
        "x": -0.12241259087399538,
        "y": -0.33104105207047696,
        "z": -0.04335755461711272,
        "w": 0.9346374173427959
      },
      "viewCenter": {
        "x": 4.770896147308916,
        "y": -1.039963775554321,
        "z": -7.120874563760795
      }
    },
    "95a253de-483f-4725-aacb-10f85609785e": {
      "position": {
        "x": 50,
        "y": 50,
        "z": 50
      },
      "rotation": {
        "x": -0.27984814233312133,
        "y": 0.3647051996310009,
        "z": 0.11591689595929512,
        "w": 0.8804762392171493
      },
      "viewCenter": {
        "x": 0,
        "y": 0,
        "z": 0
      }
    },
    "4753fa27-55ac-44df-94a5-a91c50b1cd4d": {
      "position": {
        "x": 480,
        "y": 320,
        "z": 2880
      },
      "rotation": {
        "x": 0,
        "y": 0,
        "z": 0,
        "w": 1
      },
      "viewCenter": {
        "x": 480,
        "y": 320,
        "z": 0
      }
    },
    "d8be8bee-362a-494a-9643-8e52af4c0c15": {
      "position": {
        "x": -0.39573626816951857,
        "y": -0.18623594615338704,
        "z": 7.611954781953647
      },
      "rotation": {
        "x": 0.06190683706758528,
        "y": -0.1345152868590334,
        "z": 0.008441496074293026,
        "w": 0.9889397970900157
      },
      "viewCenter": {
        "x": 1.638861341351846,
        "y": 0.7712583280088129,
        "z": 0.2711975672323286
      }
    },
    "bdcb9859-c753-42cc-8d29-7597de4582a5": {
      "position": {
        "x": 0.48887332224358815,
        "y": 20.488873322243585,
        "z": 20.488873322243585
      },
      "rotation": {
        "x": -0.27984814233312133,
        "y": 0.3647051996310009,
        "z": 0.11591689595929512,
        "w": 0.8804762392171493
      },
      "viewCenter": {
        "x": -10,
        "y": 10,
        "z": 10
      }
    },
    "72f2155f-fbdc-4af1-9abb-71b3524790ca": {
      "position": {
        "x": 6.758679392536571,
        "y": 8.758679392536571,
        "z": 8.758679392536571
      },
      "rotation": {
        "x": -0.006437756125694628,
        "y": -0.05246918962494322,
        "z": -0.00033819989576542767,
        "w": 0.9986017349559313
      },
      "viewCenter": {
        "x": 8.348352687113671,
        "y": 8.563086438198724,
        "z": -6.327011719124673
      }
    },
    "9cd929f4-07e5-466d-b5bf-a1036c927a6a": {
      "position": {
        "x": 50,
        "y": 50,
        "z": 50
      },
      "rotation": {
        "x": -0.27984814233312133,
        "y": 0.3647051996310009,
        "z": 0.11591689595929512,
        "w": 0.8804762392171493
      },
      "viewCenter": {
        "x": 0,
        "y": 0,
        "z": 0
      }
    }
  },
  "camera-uuids": [
    "1cbee229-fdef-44ac-ae41-10f976bb1d77"
  ],
  "float-window": {
    "position": {
      "cc": {
        "Camera": {
          "dock": false,
          "top": null,
          "bottom": 10,
          "left": null,
          "right": 10
        }
      }
    }
  },
  "camera": {
    "fov": 45,
    "far": 10000,
    "near": 0.01,
    "color": [
      48,
      48,
      48,
      255
    ],
    "wheelSpeed": 0.01,
    "wanderSpeed": 10,
    "enableAcceleration": true,
    "far2D": 10000,
    "near2D": 1,
    "wheelSpeed2D": 6,
    "size": "__default_design__",
    "iso": 0,
    "aperture": 19,
    "shutter": 7
  },
  "builder": {},
  "": {
    "sculpt_brush_rotate": 0
  },
  "snap-configs": {
    "position": {
      "x": 1,
      "y": 1,
      "z": 1
    },
    "rotation": 1,
    "scale": 1,
    "isPositionSnapEnabled": false,
    "isRotationSnapEnabled": false,
    "isScaleSnapEnabled": false
  },
  "rect-snap-configs": {
    "enableSnapping": true,
    "snapThreshold": 4
  }
}
